model,nobs,bp_lm_stat,bp_lm_pvalue,bp_f_stat,bp_f_pvalue,white_lm_stat,white_lm_pvalue,white_f_stat,white_f_pvalue,bp_heteroskedasticity_5pct,white_heteroskedasticity_5pct
ASSUMPTION_OLS_GIVEPIFR_INCOME,1067,19.657054229596945,0.03266841984306054,1.9819534136629284,0.032117727473222,98.34617240777948,0.0029185985950640906,1.6164015070667872,0.0021212145327639017,True,True
ASSUMPTION_OLS_GIVEPIFR_logINCOM0,1067,19.02013691117882,0.04000765721145011,1.9165697057389453,0.0394370618052495,90.86352820453463,0.012338047965169198,1.4819700953129882,0.010109538698722064,True,True
ASSUMPTION_OLS_GIVEPIPC_INCOME,1067,10.651736392439167,0.385286530975716,1.0648224660304417,0.38665595062890723,72.1300155883351,0.2016206059572868,1.154277104541143,0.19740829390019152,False,False
ASSUMPTION_OLS_GIVEPIPC_logINCOM0,1067,11.008855124595495,0.3568285216287837,1.100894744050575,0.35803493340224335,64.3549809091929,0.428895314611168,1.0218692925924742,0.43169927492860516,False,False
